"DESCRIPTION","DURATION IN MS","NAME","PARENT SUITE","START TIME","STATUS","STOP TIME","SUB SUITE","SUITE","TEST CLASS","TEST METHOD"
"","38126","7. Remove all optional values & check history records","","Fri May 23 21:20:28 UTC 2025","passed","Fri May 23 21:21:06 UTC 2025","","Edit Case","",""
"","341713","Add Dispo Task with 11 1DA items and assign to Org Admin, --set different actions for item using all variations--using Actions menu and grid, --check statuses and notes upon submission","","Fri May 23 21:50:27 UTC 2025","failed","Fri May 23 21:56:09 UTC 2025","","Dispo Auth","",""
"","31234","3. Edit and verify reduced number of values on Person View page - Business Name","","Fri May 23 21:28:29 UTC 2025","passed","Fri May 23 21:29:01 UTC 2025","","Edit Person","",""
"","2682","U.A_1. Send verification email","","Fri May 23 21:14:50 UTC 2025","failed","Fri May 23 21:14:52 UTC 2025","","User Actions","",""
"","690","3 Import Locations - Precheck Only","","Fri May 23 21:14:49 UTC 2025","failed","Fri May 23 21:14:50 UTC 2025","","Import Locations","",""
"","34341","1.6. Add Item from Person View/ Items Recovered By -- redirect to Item View/ Notes tab","Add Item","Fri May 23 21:27:45 UTC 2025","passed","Fri May 23 21:28:20 UTC 2025","","1. Org Admin","",""
"","750","I.T_1.1 Import Legacy Tasks for Case","","Fri May 23 21:14:39 UTC 2025","failed","Fri May 23 21:14:40 UTC 2025","","Import Tasks","",""
"","0","4. Import update for item status (Disposal transaction)","","Fri May 23 21:14:13 UTC 2025","skipped","Fri May 23 21:14:13 UTC 2025","","Import Item Updates","",""
"","2","I.N_5 Five thousand tasks and verify count on search","","Fri May 23 21:14:41 UTC 2025","skipped","Fri May 23 21:14:41 UTC 2025","","Import Tasks","",""
"","605","1.1 all fields turned on and edited, ""overwrite existing values"" turned OFF","Mass Update Cases","Fri May 23 21:14:14 UTC 2025","failed","Fri May 23 21:14:15 UTC 2025","","1. all fields enabled in Org Settings","",""
"","108303","3.2 --- with required Custom Form but not filled out, all optional fields on Form","Add Item","Fri May 23 21:31:29 UTC 2025","failed","Fri May 23 21:33:17 UTC 2025","","3 Add Item with Custom Form","",""
"","1","7. Item Updates Import - Precheck Only","","Fri May 23 21:14:13 UTC 2025","skipped","Fri May 23 21:14:13 UTC 2025","","Import Item Updates","",""
"","56030","2. Edit and verify all values on Case View page -- keep the previous values and add new ones in multiselect fields (Case Officers, Tags)","","Fri May 23 21:17:39 UTC 2025","passed","Fri May 23 21:18:35 UTC 2025","","Edit Case","",""
"","76938","1. Edit and verify all values on Item View page -- replace the current values in multiselect fields - Tags & Item Belongs To","","Fri May 23 21:22:28 UTC 2025","passed","Fri May 23 21:23:45 UTC 2025","","Edit Item","",""
"","23111","4.  Case Number Formatting at Org level -- old case that was saved without formatting can be edited without changing Case Number or changing it with proper format","","Fri May 23 21:19:22 UTC 2025","passed","Fri May 23 21:19:45 UTC 2025","","Edit Case","",""
"","3","A.U_3. Add External User","Add User","Fri May 23 21:49:24 UTC 2025","skipped","Fri May 23 21:49:24 UTC 2025","","1.1 Org Admin","",""
"","16093","1.2. Optional fields disabled -- redirect to View Added Item -- Item Belongs To Shows All People"" turned OFF in Org Settings -- multiple values selected for ""Item Belongs to"" and Tags","Add Item","Fri May 23 21:26:45 UTC 2025","failed","Fri May 23 21:27:01 UTC 2025","","1. Org Admin","",""
"","15146","A.M_4. Add Media to Task","","Fri May 23 21:39:05 UTC 2025","passed","Fri May 23 21:39:20 UTC 2025","","Add Media","",""
"","868","9 Validation messages for blank values","","Fri May 23 21:15:12 UTC 2025","failed","Fri May 23 21:15:13 UTC 2025","","Import Notes","",""
"","0","I.C.U_2 Case Updates Import - Precheck Only","","Fri May 23 21:13:56 UTC 2025","skipped","Fri May 23 21:13:56 UTC 2025","","Import Case Updates","",""
"","169","1.1.1 'equals' correct Person's name","Search Checkouts","Fri May 23 21:14:31 UTC 2025","failed","Fri May 23 21:14:32 UTC 2025","1.1 Checked Out To","1 Org Admin","",""
"","18047","4. Add a Person with disabled fields & check if those are shown up on Person Edit page after enabling all of the rest of the fields and editing Business Name / First Name / Last Name","","Fri May 23 21:29:01 UTC 2025","passed","Fri May 23 21:29:19 UTC 2025","","Edit Person","",""
"","30054","4. Edit and verify reduced number of values on Item View page ","","Fri May 23 21:25:56 UTC 2025","passed","Fri May 23 21:26:26 UTC 2025","","Edit Item","",""
"","2","1 Import Legacy Chain of Custody - Checked In transaction","","Fri May 23 21:14:30 UTC 2025","broken","Fri May 23 21:14:30 UTC 2025","","Import Legacy Chain of Custody","",""
"","615","1. Verify list of already existing services are in place and all listed services have a green status","","Fri May 23 21:15:21 UTC 2025","failed","Fri May 23 21:15:22 UTC 2025","","System Services Page: verify the existing Services are in place, if a new Service gets added =>check the status for all of those","",""
"","4964","1.3. Add Item from Case View /Items tab -- redirect to Add Item page again","Add Item","Fri May 23 21:27:01 UTC 2025","failed","Fri May 23 21:27:06 UTC 2025","","1. Org Admin","",""
"","5","1.1. DR for single parent location - No Discrepancies Found","Inventory Reports","Fri May 23 21:14:05 UTC 2025","broken","Fri May 23 21:14:05 UTC 2025","","1. Parent/child locations with items but without containers","",""
"","1","1. Import updates for all item fields","","Fri May 23 21:14:13 UTC 2025","broken","Fri May 23 21:14:13 UTC 2025","","Import Item Updates","",""
"","88377","3.1 --- with required Custom Form filled out, all required fields on Form","Add Item","Fri May 23 21:30:00 UTC 2025","failed","Fri May 23 21:31:29 UTC 2025","","3 Add Item with Custom Form","",""
"","0","2. Import update for item status (Check Out transaction)","","Fri May 23 21:14:13 UTC 2025","skipped","Fri May 23 21:14:13 UTC 2025","","Import Item Updates","",""
"","7480","2.1 verify that user can add all values but can select only Storage Location(s) that s/he has access to","Add Item","Fri May 23 21:29:53 UTC 2025","failed","Fri May 23 21:30:00 UTC 2025","","2 Power User -- all permissions in Office, with and without access to Storage Location","",""
"","69857","9.1 verify multiple Users and Groups can be saved in Case Officers field and Custom User/User Group","Add Case","Fri May 23 21:23:00 UTC 2025","passed","Fri May 23 21:24:10 UTC 2025","","9. --- with multiple users/groups in Case Officers field","",""
"","0","1.3. DR for multiple parent and child locations - starting with Parent loc - No Discrepancies Found","Inventory Reports","Fri May 23 21:14:05 UTC 2025","skipped","Fri May 23 21:14:05 UTC 2025","","1. Parent/child locations with items but without containers","",""
"","0","2 Import Locations with required fields - verify default properties","","Fri May 23 21:14:49 UTC 2025","skipped","Fri May 23 21:14:49 UTC 2025","","Import Locations","",""
"","16309","1. Edit and verify all values on Person View page","","Fri May 23 21:27:43 UTC 2025","failed","Fri May 23 21:27:59 UTC 2025","","Edit Person","",""
"","12283","3.2 verify Office Case Number Format with custom validation message","Add Case","Fri May 23 21:17:25 UTC 2025","passed","Fri May 23 21:17:38 UTC 2025","","3. --- with Case Number formatting in Office ","",""
"","735","2 Import Notes for Item","","Fri May 23 21:15:09 UTC 2025","failed","Fri May 23 21:15:09 UTC 2025","","Import Notes","",""
"","655","1 Import Media","","Fri May 23 21:14:58 UTC 2025","failed","Fri May 23 21:14:59 UTC 2025","","Import Media","",""
"","61926","A.N_1. Add Note to Case","","Fri May 23 21:39:41 UTC 2025","failed","Fri May 23 21:40:43 UTC 2025","","Add Notes","",""
"","61210","1. Edit and verify all values on Case View page -- replace the current values in multiselect fields (Case Officers, Tags)","","Fri May 23 21:16:36 UTC 2025","passed","Fri May 23 21:17:37 UTC 2025","","Edit Case","",""
"","5581","1.1.3 validation message for missing permissions","Add User","Fri May 23 21:48:43 UTC 2025","failed","Fri May 23 21:48:49 UTC 2025","","1.1 Org Admin","",""
"","45979","3. Remove all optional values & check history records","","Fri May 23 21:25:09 UTC 2025","passed","Fri May 23 21:25:55 UTC 2025","","Edit Item","",""
"","35841","1.1. All fields enabled -- redirect to View Added Person","Add Person","Fri May 23 21:40:58 UTC 2025","passed","Fri May 23 21:41:34 UTC 2025","","1. Org Admin","",""
"","44376","3. Edit and verify reduced number of values on Case View page -- enter User Group instead of User as Case Officer","","Fri May 23 21:18:37 UTC 2025","passed","Fri May 23 21:19:21 UTC 2025","","Edit Case","",""
"","30045","6.1 verify Auto Assigned Case Number with Default Case Number Prefix","Add Case","Fri May 23 21:19:44 UTC 2025","passed","Fri May 23 21:20:14 UTC 2025","","6. --- with Auto Assigned Case Number ","",""
"","3989","1.9. Only active people should show up in ""Recovered By"" field when searching by first/middle/last name or email","Add Item","Fri May 23 21:29:49 UTC 2025","failed","Fri May 23 21:29:53 UTC 2025","","1. Org Admin","",""
"","12701","1.1.1 Add task with required fields only -- Unassigned-- keep template content-- search for task on the grid by Creator name-- verify values on grid","Add Task","Fri May 23 21:45:58 UTC 2025","failed","Fri May 23 21:46:11 UTC 2025","","1.1 Org Admin","",""
"","0","5 Validation messages for invalid values","","Fri May 23 21:14:30 UTC 2025","skipped","Fri May 23 21:14:30 UTC 2025","","Import Legacy Chain of Custody","",""
"","651","1.1 Email & Task - when Case created - all records - 1 user as email recipient","Workflows","Fri May 23 21:15:31 UTC 2025","failed","Fri May 23 21:15:32 UTC 2025","","1. Case Workflows - all case fields enabled in Org Settings","",""
"","0","6. Import update for item status (CheckIn transaction)","","Fri May 23 21:14:13 UTC 2025","skipped","Fri May 23 21:14:13 UTC 2025","","Import Item Updates","",""
"","1","1.5. Create and run DR for multiple parent and child locations  - starting with Child loc - switching back to parent location-  No Discrepancies Found","Inventory Reports","Fri May 23 21:14:05 UTC 2025","skipped","Fri May 23 21:14:05 UTC 2025","","1. Parent/child locations with items but without containers","",""
"","1","I.C_4 Five thousand cases and verify cases count on search by ","","Fri May 23 21:14:04 UTC 2025","skipped","Fri May 23 21:14:04 UTC 2025","","Import Cases","",""
"","0","1.6. Create and run DR for single parent location - multiple Discrepancies Found","Inventory Reports","Fri May 23 21:14:05 UTC 2025","skipped","Fri May 23 21:14:05 UTC 2025","","1. Parent/child locations with items but without containers","",""
"","740","3. Import Person with all fields - Precheck Only","","Fri May 23 21:15:23 UTC 2025","failed","Fri May 23 21:15:23 UTC 2025","","Import People","",""
"","187","S.I_1. Search by Item Description","","Fri May 23 21:14:42 UTC 2025","failed","Fri May 23 21:14:42 UTC 2025","","Search Item","",""
"","22323","2.1 verify Org Case Number Format and check that Case Review Date/Notes is NOT displayed for Org Admin","Add Case","Fri May 23 21:15:09 UTC 2025","passed","Fri May 23 21:15:32 UTC 2025","","2. --- with Case Number formatting in Org, AutoDispo OFF ","",""
"","0","4 Validation messages for wrongly formatted values","","Fri May 23 21:14:30 UTC 2025","skipped","Fri May 23 21:14:30 UTC 2025","","Import Legacy Chain of Custody","",""
"","62226","1.1.1. add user with all fields -- log in with newly created account","Add User","Fri May 23 21:47:05 UTC 2025","passed","Fri May 23 21:48:07 UTC 2025","","1.1 Org Admin","",""
"","809","1 Import Notes for Case","","Fri May 23 21:15:08 UTC 2025","failed","Fri May 23 21:15:09 UTC 2025","","Import Notes","",""
"","708","6 Validation messages for not mapped fields","","Fri May 23 21:15:10 UTC 2025","failed","Fri May 23 21:15:11 UTC 2025","","Import Notes","",""
"","9765","2.1. verify that user can add all values","Add Person","Fri May 23 21:42:26 UTC 2025","failed","Fri May 23 21:42:36 UTC 2025","","2. Power User -- all permissions in Office","",""
"","0","I.C_2 Case with minimum number of fields","","Fri May 23 21:14:04 UTC 2025","skipped","Fri May 23 21:14:04 UTC 2025","","Import Cases","",""
"","726","I.T_1.2 Import Legacy Tasks for Case - Precheck Only","","Fri May 23 21:14:40 UTC 2025","failed","Fri May 23 21:14:41 UTC 2025","","Import Tasks","",""
"","529","1. Report from Case View page - Items tab","Reports","Fri May 23 21:15:13 UTC 2025","failed","Fri May 23 21:15:14 UTC 2025","","Verify generating and opening Report ""Primary Label 4X3""","",""
"","1","1.1 Org Admin-- All fields enabled -- redirect to View Added Case","Add Case","Fri May 23 21:15:04 UTC 2025","broken","Fri May 23 21:15:04 UTC 2025","","1. --- No Case Number formatting in Org/Office, AutoDispo ON","",""
"","44701","8.1 verify that required custom form is attached to the case with blank fields","Add Case","Fri May 23 21:22:08 UTC 2025","passed","Fri May 23 21:22:52 UTC 2025","","8. --- with required Custom Form but not filled out, all optional fields on Form","",""
"","2","I.C_1 Case with all fields -- user and user group in Case Officer(s) field","","Fri May 23 21:14:04 UTC 2025","broken","Fri May 23 21:14:04 UTC 2025","","Import Cases","",""
"","75108","3.1. --- with required Custom Form filled out, all required fields on Form","Add Person","Fri May 23 21:42:36 UTC 2025","failed","Fri May 23 21:43:51 UTC 2025","","3. Add Person with Custom Form","",""
"","0","1.4 Org Admin-- minimum case fields -- redirect to Add Person page","Add Case","Fri May 23 21:15:04 UTC 2025","skipped","Fri May 23 21:15:04 UTC 2025","","1. --- No Case Number formatting in Org/Office, AutoDispo ON","",""
"","1","1. Import Person with all updated fields","","Fri May 23 21:15:32 UTC 2025","broken","Fri May 23 21:15:32 UTC 2025","","Import People Updates","",""
"","0","5. Import update for item status (Undispose transaction)","","Fri May 23 21:14:13 UTC 2025","skipped","Fri May 23 21:14:13 UTC 2025","","Import Item Updates","",""
"","1","1.2 Org Admin-- minimum case fields -- redirect to Add Case page again","Add Case","Fri May 23 21:15:04 UTC 2025","skipped","Fri May 23 21:15:04 UTC 2025","","1. --- No Case Number formatting in Org/Office, AutoDispo ON","",""
"","6","5 Five thousand notes for Case and verify notes count on search","","Fri May 23 21:15:10 UTC 2025","skipped","Fri May 23 21:15:10 UTC 2025","","Import Notes","",""
"","186","2. Verify Transfer transaction and enabled/disabled actions for Checked Out item","","Fri May 23 21:33:56 UTC 2025","failed","Fri May 23 21:33:56 UTC 2025","","Item Transactions & Actions","",""
"","804","8 Validation messages for invalid values","","Fri May 23 21:15:11 UTC 2025","failed","Fri May 23 21:15:12 UTC 2025","","Import Notes","",""
"","0","I.C_3 Case with custom fields","","Fri May 23 21:14:04 UTC 2025","skipped","Fri May 23 21:14:04 UTC 2025","","Import Cases","",""
"","0","1.7. Create and run DR for single child location - multiple Discrepancies Found","Inventory Reports","Fri May 23 21:14:05 UTC 2025","skipped","Fri May 23 21:14:05 UTC 2025","","1. Parent/child locations with items but without containers","",""
"","18153","1.3. Business Name populated only -- redirect to Add Item page","Add Person","Fri May 23 21:41:55 UTC 2025","passed","Fri May 23 21:42:14 UTC 2025","","1. Org Admin","",""
"","1084","1.8. Create and run DR for multiple storage locations - multiple Discrepancies Found","Inventory Reports","Fri May 23 21:14:05 UTC 2025","failed","Fri May 23 21:14:06 UTC 2025","","1. Parent/child locations with items but without containers","",""
"","0","6 Validation messages for blank values","","Fri May 23 21:14:30 UTC 2025","skipped","Fri May 23 21:14:30 UTC 2025","","Import Legacy Chain of Custody","",""
"","886","2 Import Media - Precheck Only","","Fri May 23 21:14:59 UTC 2025","failed","Fri May 23 21:15:00 UTC 2025","","Import Media","",""
"","0","3. Import update for item status (Move transaction)","","Fri May 23 21:14:13 UTC 2025","skipped","Fri May 23 21:14:13 UTC 2025","","Import Item Updates","",""
"","0","2 Import Person with all updated fields - Precheck Only","","Fri May 23 21:15:32 UTC 2025","skipped","Fri May 23 21:15:32 UTC 2025","","Import People Updates","",""
"","722","1. Import and verify People with all fields - 1 person linked to 1 case, other person linked to 2 cases","","Fri May 23 21:15:21 UTC 2025","failed","Fri May 23 21:15:22 UTC 2025","","Import People","",""
"","16573","Add User ","","Fri May 23 21:46:20 UTC 2025","failed","Fri May 23 21:46:37 UTC 2025","","Add User","",""
"","35666","1.1.2. add user with required fields only","Add User","Fri May 23 21:48:07 UTC 2025","passed","Fri May 23 21:48:43 UTC 2025","","1.1 Org Admin","",""
"","684","I.U_1 Import User with all fields - Precheck Only","","Fri May 23 21:15:41 UTC 2025","failed","Fri May 23 21:15:41 UTC 2025","","Import Users","",""
"","86979","3.2. --- with required Custom Form but not filled out, all optional fields on Form","Add Person","Fri May 23 21:43:51 UTC 2025","failed","Fri May 23 21:45:18 UTC 2025","","3. Add Person with Custom Form","",""
"","148","2.2. Scanning some barcodes multiple times and checking all types of discrepancies in one Report: ""Barcode valid but not found in the system""""Items Not Scanned"", ""Wrong Storage Location"",""Container Not Scanned"",""Containers in Wrong Location""","Inventory Reports","Fri May 23 21:14:06 UTC 2025","failed","Fri May 23 21:14:07 UTC 2025","","2. Parent/child locations with items and containers","",""
"","24792","4.2 verify Org Default Case Number Prefix, keep a default value as part of the Case Number","Add Case","Fri May 23 21:18:10 UTC 2025","passed","Fri May 23 21:18:35 UTC 2025","","4. --- with Default Case Number in Org ","",""
"","36367","5.1 verify Office Default Case Number Prefix","Add Case","Fri May 23 21:19:01 UTC 2025","failed","Fri May 23 21:19:38 UTC 2025","","5. --- with Default Case Number in Office ","",""
"","0","1.6 Org Admin-- minimum case fields -- redirect to Notes tab on Case View page","Add Case","Fri May 23 21:15:04 UTC 2025","skipped","Fri May 23 21:15:04 UTC 2025","","1. --- No Case Number formatting in Org/Office, AutoDispo ON","",""
"","9332","1.3.1 --- with required Custom Form filled out, all required fields on Form","Add User","Fri May 23 21:49:35 UTC 2025","failed","Fri May 23 21:49:44 UTC 2025","","1.3 --- with Custom Forms","",""
"","149","1.2 Validation messages","","Fri May 23 21:15:03 UTC 2025","failed","Fri May 23 21:15:03 UTC 2025","","Login page","",""
"","1","3 Validation messages for not mapped fields","","Fri May 23 21:14:30 UTC 2025","skipped","Fri May 23 21:14:30 UTC 2025","","Import Legacy Chain of Custody","",""
"","98816","2.1 Add User to a Group, then add to another Group --> Verify that previous User Group is not overwritten","","Fri May 23 21:31:30 UTC 2025","passed","Fri May 23 21:33:09 UTC 2025","","Edit User","",""
"","105733","1 Edit newly added user, change all values, verify on the grid, and check all/active/inactive filters","","Fri May 23 21:29:44 UTC 2025","failed","Fri May 23 21:31:30 UTC 2025","","Edit User","",""
"","10621","1.2.1. Office Admin can create a new user account","Add User","Fri May 23 21:49:24 UTC 2025","failed","Fri May 23 21:49:35 UTC 2025","","1.2 Power User -- all permissions in Office","",""
"","5005","1.4. Add item from Item Search -- redirect to Case View /Items tab","Add Item","Fri May 23 21:27:06 UTC 2025","failed","Fri May 23 21:27:11 UTC 2025","","1. Org Admin","",""
"","1","1.2. DR for single child location - No Discrepancies Found","Inventory Reports","Fri May 23 21:14:05 UTC 2025","skipped","Fri May 23 21:14:05 UTC 2025","","1. Parent/child locations with items but without containers","",""
"","0","2 Import Legacy Chain of Custody - Precheck Only","","Fri May 23 21:14:30 UTC 2025","skipped","Fri May 23 21:14:30 UTC 2025","","Import Legacy Chain of Custody","",""
"","230","1.1.1 equals {email of the user (current user) who created a case}","Cases Search","Fri May 23 21:14:23 UTC 2025","failed","Fri May 23 21:14:23 UTC 2025","1.1 Created By","1 Org Admin","",""
"","1","1 Import Locations with all fields","","Fri May 23 21:14:49 UTC 2025","broken","Fri May 23 21:14:49 UTC 2025","","Import Locations","",""
"","34164","1.5. Add item from Scan page -- redirect to Item View/Media tab","Add Item","Fri May 23 21:27:11 UTC 2025","passed","Fri May 23 21:27:45 UTC 2025","","1. Org Admin","",""
"","126","3. Scanning 1000 items during Inventory report","Inventory Reports","Fri May 23 21:14:07 UTC 2025","failed","Fri May 23 21:14:07 UTC 2025","","2. Scanning 1000 items","",""
"","114","2.1. Create and run DR for 2 storage locations that have: container with item, empty container, sub-location, empty sub-container and sub-container with item - No Discrepancies Found","Inventory Reports","Fri May 23 21:14:06 UTC 2025","failed","Fri May 23 21:14:06 UTC 2025","","2. Parent/child locations with items and containers","",""
"","35146","1.1.4 validation message for inactive user account","Add User","Fri May 23 21:48:49 UTC 2025","passed","Fri May 23 21:49:24 UTC 2025","","1.1 Org Admin","",""
"","0","1.4. Create and run DR for multiple parent and child locations - starting with Child loc -  No Discrepancies Found","Inventory Reports","Fri May 23 21:14:05 UTC 2025","skipped","Fri May 23 21:14:05 UTC 2025","","1. Parent/child locations with items but without containers","",""
"","27602","4.1 verify Org Default Case Number Prefix, clear a default value and save the other one","Add Case","Fri May 23 21:17:42 UTC 2025","passed","Fri May 23 21:18:10 UTC 2025","","4. --- with Default Case Number in Org ","",""
"","0","1.5 Org Admin-- minimum case fields -- redirect to Media tab on Case View page","Add Case","Fri May 23 21:15:04 UTC 2025","skipped","Fri May 23 21:15:04 UTC 2025","","1. --- No Case Number formatting in Org/Office, AutoDispo ON","",""
"","29469","3.1 verify Office Case Number Format with default validation message","Add Case","Fri May 23 21:16:56 UTC 2025","failed","Fri May 23 21:17:25 UTC 2025","","3. --- with Case Number formatting in Office ","",""
"","8355","1.3.2 --- with required Custom Form but not filled out, all optional fields on Form","Add User","Fri May 23 21:49:44 UTC 2025","failed","Fri May 23 21:49:52 UTC 2025","","1.3 --- with Custom Forms","",""
"","46932","3.3 --- with required Currency Form attached - System Template","Add Item","Fri May 23 21:33:17 UTC 2025","passed","Fri May 23 21:34:04 UTC 2025","","3 Add Item with Custom Form","",""
"","29289","2. Edit and verify reduced number of values on Person View page - First & Last Name","","Fri May 23 21:28:00 UTC 2025","passed","Fri May 23 21:28:29 UTC 2025","","Edit Person","",""
"","55168","1.1 All fields enabled -- ""Item Belongs To Shows All People"" turned ON in Org Settings -- multiple people not linked to Primary Case are selected in ""Item Belongs to"" field ","Add Item","Fri May 23 21:25:49 UTC 2025","passed","Fri May 23 21:26:44 UTC 2025","","1. Org Admin","",""
"","41103","1.7. Add Item from Person View/ ""Items Belonging to"" tab -- redirect to Add Duplicate Item page and complete the action","Add Item","Fri May 23 21:28:20 UTC 2025","passed","Fri May 23 21:29:01 UTC 2025","","1. Org Admin","",""
"","44096","A.M_1. Add Media to Case","","Fri May 23 21:37:42 UTC 2025","passed","Fri May 23 21:38:26 UTC 2025","","Add Media","",""
"","47172","1.8. Add Item from Person View/ Items Custodian tab -- redirect to Split Item page and complete the action","Add Item","Fri May 23 21:29:01 UTC 2025","passed","Fri May 23 21:29:49 UTC 2025","","1. Org Admin","",""
"","18426","A.M_3. Add Media to Person","","Fri May 23 21:38:46 UTC 2025","passed","Fri May 23 21:39:05 UTC 2025","","Add Media","",""
"","20515","6. Auto-Assigned Case Number -- Case Number can be edited when Auto-assigning of Case Numbers is enabled for new cases","","Fri May 23 21:20:07 UTC 2025","passed","Fri May 23 21:20:28 UTC 2025","","Edit Case","",""
"","81649","2. Edit and verify all values on Item View page -- keep the previous values in multiselect fields  - Tags & Item Belongs To; 2.1. hitting *enter* button does not wipe out Additional Barcode","","Fri May 23 21:23:47 UTC 2025","passed","Fri May 23 21:25:08 UTC 2025","","Edit Item","",""
"","64825","3.4 --- Duplicating item with Currency Form attached","Add Item","Fri May 23 21:34:04 UTC 2025","passed","Fri May 23 21:35:09 UTC 2025","","3 Add Item with Custom Form","",""
"","567","2.2 Confirmation on warning modal completes login and logs out user on other machine","Login page","Fri May 23 21:15:04 UTC 2025","failed","Fri May 23 21:15:04 UTC 2025","","2. Warning that user is logged in on other browser or device","",""
"","18936","8. Add a Case with disabled fields & check if required fields are displayed properly on Case Edit page after enabling","","Fri May 23 21:21:07 UTC 2025","passed","Fri May 23 21:21:26 UTC 2025","","Edit Case","",""
"","2","I.C.U_1. Import Case Updates - all fields -- user and user group in Case Officer(s) field","","Fri May 23 21:13:56 UTC 2025","broken","Fri May 23 21:13:56 UTC 2025","","Import Case Updates","",""
"","19903","A.M_2. Add Media to Item","","Fri May 23 21:38:26 UTC 2025","passed","Fri May 23 21:38:46 UTC 2025","","Add Media","",""
"","69333","3.5 --- Splitting item with Currency Form attached","Add Item","Fri May 23 21:35:10 UTC 2025","passed","Fri May 23 21:36:19 UTC 2025","","3 Add Item with Custom Form","",""
"","0","1.7 Power User can add case and view/enter/update Review Date/Notes when having AutoDispo permissions","Add Case","Fri May 23 21:15:04 UTC 2025","skipped","Fri May 23 21:15:04 UTC 2025","","1. --- No Case Number formatting in Org/Office, AutoDispo ON","",""
"","709","2. Import and verify Person with minimum fields","","Fri May 23 21:15:22 UTC 2025","failed","Fri May 23 21:15:23 UTC 2025","","Import People","",""
"","678","3 Import Notes for Case - Precheck Only","","Fri May 23 21:15:09 UTC 2025","failed","Fri May 23 21:15:10 UTC 2025","","Import Notes","",""
"","21552","5. Case Number Formatting at Office level -- old case that was saved without formatting can be edited without changing Case Number or changing it with proper format","","Fri May 23 21:19:45 UTC 2025","passed","Fri May 23 21:20:07 UTC 2025","","Edit Case","",""
"","12274","1.4. redirect to Case View page","Add Person","Fri May 23 21:42:14 UTC 2025","passed","Fri May 23 21:42:26 UTC 2025","","1. Org Admin","",""
"","6","5 Five thousand notes for Item and verify notes count on search","","Fri May 23 21:15:10 UTC 2025","skipped","Fri May 23 21:15:10 UTC 2025","","Import Notes","",""
"","86743","3.1 Verify ""Re-Distribute"" for ""Past Due"" cases","Auto-Disposition","Fri May 23 21:14:16 UTC 2025","failed","Fri May 23 21:15:43 UTC 2025","","3. Verify ""Re-Distribute Case Review Dates"" functionality","",""
"","20003","5. Add an Item with disabled non required / required fields & check if those are shown up on Item Edit page after enabling","","Fri May 23 21:26:27 UTC 2025","passed","Fri May 23 21:26:47 UTC 2025","","Edit Item","",""
"","2","2. Item with all fields - Disposed Status","","Fri May 23 21:14:21 UTC 2025","broken","Fri May 23 21:14:21 UTC 2025","","Import Items","",""
"","0","1.3 Org Admin-- minimum case fields -- redirect to Add Item page","Add Case","Fri May 23 21:15:04 UTC 2025","skipped","Fri May 23 21:15:04 UTC 2025","","1. --- No Case Number formatting in Org/Office, AutoDispo ON","",""
"","720","I.U_1 Import and verify User with all fields","","Fri May 23 21:15:40 UTC 2025","failed","Fri May 23 21:15:41 UTC 2025","","Import Users","",""
"","98811","7.1 verify all values are properly saved to the custom form -single user in custom User/User Group field","Add Case","Fri May 23 21:20:21 UTC 2025","passed","Fri May 23 21:22:00 UTC 2025","","7. --- with required Custom Form filled out, all required fields on Form","",""
"","20765","1.2. Optional fields disabled -- First & Last Name populated -- redirect to Add Person page again","Add Person","Fri May 23 21:41:34 UTC 2025","passed","Fri May 23 21:41:55 UTC 2025","","1. Org Admin","",""
"","0","I.C_5 Case Import - Precheck Only","","Fri May 23 21:14:04 UTC 2025","skipped","Fri May 23 21:14:04 UTC 2025","","Import Cases","",""
"","19911","4.3 verify Org Default Case Number Prefix and Org Formatting pattern, before and after page reload","Add Case","Fri May 23 21:18:35 UTC 2025","passed","Fri May 23 21:18:55 UTC 2025","","4. --- with Default Case Number in Org ","",""
"","561","2.1 Cancelling warning keeps user logged in on other machine","Login page","Fri May 23 21:15:03 UTC 2025","failed","Fri May 23 21:15:03 UTC 2025","","2. Warning that user is logged in on other browser or device","",""
"","78845","2.2 verify Org Case Number Format with custom validation message","Add Case","Fri May 23 21:15:32 UTC 2025","failed","Fri May 23 21:16:51 UTC 2025","","2. --- with Case Number formatting in Org, AutoDispo OFF ","",""
"","723","7 Validation messages for wrongly formatted values","","Fri May 23 21:15:11 UTC 2025","failed","Fri May 23 21:15:11 UTC 2025","","Import Notes","",""
